<data>
    <expression>
        <operand1>5</operand1>
        <operator>^</operator>
        <operand2>2</operand2>
    </expression>
    <expression>
        <operand1>12</operand1>
        <operator>%</operator>
        <operand2>5</operand2>
    </expression>
    <expression>
        <operand1>20</operand1>
        <operator>*</operator>
        <operand2>4</operand2>
    </expression>
    <expression>
        <operand1>15</operand1>
        <operator>/</operator>
        <operand2>3</operand2>
    </expression>
    <expression>
        <operand1>9</operand1>
        <operator>+</operator>
        <operand2>10</operand2>
    </expression>
    <expression>
        <operand1>100</operand1>
        <operator>-</operator>
        <operand2>45</operand2>
    </expression>
    <!-- Invalid expressions -->
    <expression>
        <operand1>5.2</operand1>
        <operator>+</operator>
        <operand2>2.x</operand2>
    </expression>
    <expression>
        <operand1>23</operand1>
        <operator>$</operator>
        <operand2>2.5</operand2>
    </expression>
    <expression>
        <operand1>eight</operand1>
        <operator>^</operator>
        <operand2>three</operand2>
    </expression>
    <expression>
        <operand1>7</operand1>
        <operator>!</operator>
        <operand2>2</operand2>
    </expression>
</data>
